image,title,author,isbn,description,price,img_url
,Pen Pals,Edgar J. Hyde,9781486718757,ghost stories for kids,$1.00,/static/book-sale-fall-2026/IMG_5007.png
,Praying with Jane Eyre,Vanessa Zoltan,9780593088005,a book that's part memoir and part guide to reading any book as a sacred text,$3.00,/static/book-sale-fall-2026/IMG_5006.png
,To Carve a Fae Heart,Tessonja Odette,9781955960083,"To Carve a Fae Heart is an enemies-to-lovers fantasy, perfect for fans of The Cruel Prince, ACOTAR, and Kingdom of the Wicked. If you like snarky fae, brooding royals, sizzling romance, and fierce heroines, you'll love this breathtaking fae fantasy. *NOTE: This series is Upper YA/NA and contains sexual situations, moderate steam, and some violence.",$2.00,/static/book-sale-fall-2026/IMG_5005.png
,The Witch Boy,Molly Knox Ostertag,9781338089516,"middle-grade graphic novel about a boy in a magical family learning witchcraft, challenging family tradition, and going on an adventure.",$1.00,/static/book-sale-fall-2026/IMG_5004.png
,How Stella Learned to Talk,Christina Hunger,9780063046832,"An incredible, revolutionary true story and surprisingly simple guide to teaching your dog to talk from speech-language pathologist Christina Hunger, who has taught her dog, Stella, to communicate using simple paw-sized buttons associated with different words.",$2.00,/static/book-sale-fall-2026/IMG_4998.png
,Divine Rivals,Rebecca Ross,9781250857439,"When two young rival journalists find love through a magical connection, they must face the depths of hell, in a war among gods, to seal their fate forever.",$1.00,/static/book-sale-fall-2026/IMG_4996.png
,Ruthless Vows,Rebecca Ross,9781250857453,The epic conclusion to Divine Rivals,$1.00,/static/book-sale-fall-2026/IMG_4993.png
,So You Want to Talk About Race,Ijeoma Oluo,9781580056779,An exploration of 2018's racial landscape with actionable advice for talking about race in uncomfortable contexts and circumstances,$1.00,/static/book-sale-fall-2026/IMG_4995.png
,Learn You a Haskell for Great Good: A Beginner's Guide,Miran Lipovaca,9781593272838,A guided walkthrough through learning the haskell programming language and functional programming paradigms,$5.00,/static/book-sale-fall-2026/IMG_5003.png
,Hidden Memory,Tiffany Shearn,9781737711124,"""Elves, fairy, and an epic war between good and evil""",$1.00,/static/book-sale-fall-2026/IMG_5001.png
,Witch Child,Celia Rees,0763618292,"""The spellbinding diary of a teenage girl who escapes persecution as a witch--only to face new intolerance in a Puritan settlement. """,$1.00,/static/book-sale-fall-2026/IMG_4999.png
,Thug Kitchen: the official cookbook,Thug Kitchen,9781623363581,a cookbook of vegan recipes. I'm not vegan and it was fun to try out some new recipes using ingredients and techniques I hadn't known about before. The writing style is quite tiresome but the content is good.,$3.00,/static/book-sale-fall-2026/IMG_5002.png
,Unix: in a Nutshell,Arnold Robbins,9780596100292,A cool desk reference for those who want to learn about or work regularly with unix systems. I got this in my undergrad and it served me well.,$3.00,/static/book-sale-fall-2026/IMG_4994.png